-- ================================================================
-- Darkhan Us Suvag — 1 сарын ажлын демо өгөгдөл
-- Хугацаа: 2026-04-02 ~ 2026-05-08
-- seed.sql-ийн дараа ажиллуулна
-- ================================================================

BEGIN;

-- ── ГОМДОЛ (17 шинэ) ─────────────────────────────────────────────
INSERT INTO complaints (id, station_id, issue_type, description, citizen_name, phone_number, source, status, created_at, created_by_label) VALUES
  ('c-0402-1', 'station-3-7',  'Насос ажиллахгүй',    'Өглөө 07:00 цагаас насос огт ажиллахгүй болсон. Айлууд усгүй болоод байна.',                        'Батбаяр Д.',   '99201133', 'phone', 'converted', '2026-04-02T07:30:00Z', 'Диспетчер'),
  ('c-0403-1', 'station-7-15', 'Ус гоожиж байна',     'Гадна талын хоолойноос ус гоожиж байна, орчмын шороо нойтон болоод байна.',                          'Цэцэгмаа Б.', '88340022', 'web',   'converted', '2026-04-03T10:15:00Z', 'Иргэн'),
  ('c-0405-1', 'station-5-11', 'Цахилгааны асуудал',  'Цахилгааны самбарын автомат таслуур байнга унаж байна, насос тогтмол ажиллахгүй.',                   'Номун-Эрдэнэ','99450088', 'phone', 'converted', '2026-04-05T09:00:00Z', 'Диспетчер'),
  ('c-0407-1', 'station-9-4',  'Дэлгэц ажиллахгүй',  'Ус авах дэлгэц ажиллахгүй, үлдэгдэл мэдэгдэхгүй байна.',                                            'Энхтуяа Г.',  '88221100', 'web',   'new',       '2026-04-07T14:20:00Z', 'Иргэн'),
  ('c-0408-1', 'station-2-18', 'Насос ажиллахгүй',    'Насос чимээ гарч байгаад унтарч байна. Ус хангалттай гардаггүй болсон.',                             'Мөнхбаяр Ц.', '99330077', 'phone', 'converted', '2026-04-08T08:10:00Z', 'Диспетчер'),
  ('c-0410-1', 'station-11-3', 'Ус гоожиж байна',     'Байрны доод давхарт ус гоожиж, тааз норж байна. Яаралтай засах шаардлагатай.',                       'Сарантуяа О.','88112200', 'web',   'converted', '2026-04-10T11:30:00Z', 'Иргэн'),
  ('c-0411-1', 'station-4-6',  'Хаалга/цоож эвдэрсэн','Гадна хаалганы цоож эвдэрсэн, хаалт хийх боломжгүй болоод байна.',                                  'Гантулга Б.', '99441155', 'phone', 'converted', '2026-04-11T13:45:00Z', 'Диспетчер'),
  ('c-0414-1', 'station-6-9',  'Насос ажиллахгүй',    'Насос залгасан ч ажиллахгүй. Ус огт гардаггүй болсон.',                                              'Өлзийбаяр Т.','88560099', 'phone', 'converted', '2026-04-14T07:55:00Z', 'Диспетчер'),
  ('c-0416-1', 'station-13-20','Цахилгааны асуудал',  'Гэрэлтүүлэг болон насосны цахилгаан хамт тасарсан.',                                                 'Цогтбаяр Д.', '99770044', 'web',   'converted', '2026-04-16T15:10:00Z', 'Иргэн'),
  ('c-0418-1', 'station-8-2',  'Ус гоожиж байна',     'Хашааны дотор талаас ус гоожиж байна. Хэд хоног болжээ.',                                            'Баярмаа Н.',  '88890011', 'web',   'new',       '2026-04-18T09:40:00Z', 'Иргэн'),
  ('c-0420-1', 'station-1-17', 'Дэлгэц ажиллахгүй',  'Дэлгэц унтарсан, ус авч чадахгүй байна.',                                                            'Дэлгэрмаа С.','99100233', 'phone', 'converted', '2026-04-20T08:30:00Z', 'Диспетчер'),
  ('c-0422-1', 'station-10-5', 'Насос ажиллахгүй',    'Насос огт асахгүй байна. Олон айл усгүй болоод байна. Яаралтай засах хэрэгтэй!',                     'Буянтогтох Г.','99660022','phone', 'converted', '2026-04-22T07:20:00Z', 'Диспетчер'),
  ('c-0425-1', 'station-15-12','Ус гоожиж байна',     'Гадна шугамаас их хэмжээний ус алдагдаж байна.',                                                     'Болдбаяр О.', '88440088', 'web',   'new',       '2026-04-25T12:00:00Z', 'Иргэн'),
  ('c-0428-1', 'station-3-19', 'Хаалга/цоож эвдэрсэн','Цоожны ган хугарсан, хаалт хийх боломжгүй болсон.',                                                  'Оюунцэцэг Б.','99220044', 'phone', 'converted', '2026-04-28T10:00:00Z', 'Диспетчер'),
  ('c-0502-1', 'station-7-8',  'Насос ажиллахгүй',    'Насос дуугарч байгаа ч ус гарахгүй байна.',                                                          'Ганбаяр Л.',  '88770033', 'web',   'new',       '2026-05-02T09:15:00Z', 'Иргэн'),
  ('c-0505-1', 'station-12-14','Цахилгааны асуудал',  'Насосны цахилгааны кабель гэмтсэн бололтой.',                                                        'Нарантуяа Х.','99880066', 'phone', 'new',       '2026-05-05T14:30:00Z', 'Диспетчер'),
  ('c-0507-1', 'station-5-3',  'Ус гоожиж байна',     'Шугамын уулзварт хавирга гэмтэж ус алдарч байна.',                                                   'Энхбаяр Д.',  '88330055', 'web',   'new',       '2026-05-07T11:20:00Z', 'Иргэн')
ON CONFLICT (id) DO NOTHING;

-- ── ЗАСВАРЫН ХҮСЭЛТ (13 шинэ) ────────────────────────────────────
INSERT INTO tickets (id, complaint_id, ticket_no, station_id, department_id, team_id, issue_type, description, priority, status, source, created_by, assigned_by, assigned_at, created_at, started_at, finished_at) VALUES
  ('tk-0402-1', 'c-0402-1', 'TKT-20260402-001', 'station-3-7',  'dept-water',   'team-1', 'Насос ажиллахгүй',    'Насосны мотор шатсан байна. Орлуулах мотор авчрах шаардлагатай.',              'normal', 'done',        'phone', 'user-dispatcher', 'user-dispatcher', '2026-04-02T08:00:00Z', '2026-04-02T07:45:00Z', '2026-04-02T09:30:00Z', '2026-04-02T13:00:00Z'),
  ('tk-0403-1', 'c-0403-1', 'TKT-20260403-001', 'station-7-15', 'dept-water',   'team-1', 'Ус гоожиж байна',     'Гадна хоолойн холболтын хавирга нь гэмтсэн байна.',                            'normal', 'done',        'web',   'user-dispatcher', 'user-dispatcher', '2026-04-03T11:00:00Z', '2026-04-03T10:30:00Z', '2026-04-03T13:00:00Z', '2026-04-03T15:30:00Z'),
  ('tk-0405-1', 'c-0405-1', 'TKT-20260405-001', 'station-5-11', 'dept-water',   'team-1', 'Цахилгааны асуудал',  'Автомат таслуурын хүчин чадал хангалтгүй байна. Солих шаардлагатай.',          'urgent', 'done',        'phone', 'user-dispatcher', 'user-dispatcher', '2026-04-05T09:30:00Z', '2026-04-05T09:15:00Z', '2026-04-05T10:30:00Z', '2026-04-05T14:00:00Z'),
  ('tk-0408-1', 'c-0408-1', 'TKT-20260408-001', 'station-2-18', 'dept-water',   'team-1', 'Насос ажиллахгүй',    'Насосны помп дотор хог орсон, цэвэрлэж засах шаардлагатай.',                   'normal', 'done',        'phone', 'user-dispatcher', 'user-dispatcher', '2026-04-08T08:30:00Z', '2026-04-08T08:15:00Z', '2026-04-08T10:00:00Z', '2026-04-08T12:30:00Z'),
  ('tk-0410-1', 'c-0410-1', 'TKT-20260410-001', 'station-11-3', 'dept-water',   'team-2', 'Ус гоожиж байна',     'Дотор шугамын хавирга сулрасан байна. Нягтлах шаардлагатай.',                  'urgent', 'done',        'web',   'user-dispatcher', 'user-dispatcher', '2026-04-10T12:00:00Z', '2026-04-10T11:45:00Z', '2026-04-10T13:30:00Z', '2026-04-10T16:00:00Z'),
  ('tk-0411-1', 'c-0411-1', 'TKT-20260411-001', 'station-4-6',  'dept-housing', 'team-3', 'Хаалга/цоож эвдэрсэн','Гадна хаалганы цоож солих шаардлагатай.',                                      'normal', 'done',        'phone', 'user-dispatcher', 'user-dispatcher', '2026-04-11T14:00:00Z', '2026-04-11T13:50:00Z', '2026-04-11T15:30:00Z', '2026-04-11T17:00:00Z'),
  ('tk-0414-1', 'c-0414-1', 'TKT-20260414-001', 'station-6-9',  'dept-water',   'team-1', 'Насос ажиллахгүй',    'Насосны эрэгт гэмтэл гарсан. Засвар хийх шаардлагатай.',                       'normal', 'done',        'phone', 'user-dispatcher', 'user-dispatcher', '2026-04-14T08:30:00Z', '2026-04-14T08:15:00Z', '2026-04-14T09:30:00Z', '2026-04-14T12:00:00Z'),
  ('tk-0415-1', NULL,        'TKT-20260415-001', 'station-14-7', 'dept-water',   'team-2', 'Насос ажиллахгүй',    'Диспетчерт утсаар мэдэгдсэн. Насосны хяналтын схем гэмтсэн.',                  'normal', 'done',        'phone', 'user-dispatcher', 'user-dispatcher', '2026-04-15T09:00:00Z', '2026-04-15T08:30:00Z', '2026-04-15T10:30:00Z', '2026-04-15T14:00:00Z'),
  ('tk-0416-1', 'c-0416-1', 'TKT-20260416-001', 'station-13-20','dept-water',   'team-2', 'Цахилгааны асуудал',  'Цахилгааны кабелийн гэмтэл олдлоо. Засварлах шаардлагатай.',                   'urgent', 'done',        'web',   'user-dispatcher', 'user-dispatcher', '2026-04-16T15:30:00Z', '2026-04-16T15:20:00Z', '2026-04-16T16:30:00Z', '2026-04-17T10:00:00Z'),
  ('tk-0420-1', 'c-0420-1', 'TKT-20260420-001', 'station-1-17', 'dept-water',   'team-1', 'Дэлгэц ажиллахгүй',  'Дэлгэцний тэжээлийн блок гэмтсэн.',                                            'normal', 'done',        'phone', 'user-dispatcher', 'user-dispatcher', '2026-04-20T09:00:00Z', '2026-04-20T08:45:00Z', '2026-04-20T10:00:00Z', '2026-04-20T13:30:00Z'),
  ('tk-0422-1', 'c-0422-1', 'TKT-20260422-001', 'station-10-5', 'dept-water',   'team-2', 'Насос ажиллахгүй',    'Яаралтай: Насосны мотор шатсан. Олон айл усгүй байна.',                         'urgent', 'in_progress', 'phone', 'user-dispatcher', 'user-dispatcher', '2026-04-22T07:45:00Z', '2026-04-22T07:30:00Z', '2026-04-22T09:00:00Z', NULL),
  ('tk-0428-1', 'c-0428-1', 'TKT-20260428-001', 'station-3-19', 'dept-housing', 'team-3', 'Хаалга/цоож эвдэрсэн','Цоожны ган хугарсан. Шинэ цоож суурилуулах шаардлагатай.',                    'normal', 'assigned',    'phone', 'user-dispatcher', 'user-dispatcher', '2026-04-28T10:30:00Z', '2026-04-28T10:15:00Z', NULL,                   NULL),
  ('tk-0508-1', NULL,        'TKT-20260508-001', 'station-12-6', 'dept-water',   NULL,     'Насос ажиллахгүй',    'Насос асах дохио ирэхгүй байна. Шалгах шаардлагатай.',                         'normal', 'new',         'phone', 'user-dispatcher', NULL,              NULL,                   '2026-05-08T08:30:00Z', NULL,                   NULL)
ON CONFLICT (id) DO NOTHING;

-- ── ХҮСЭЛТИЙН ЛОГ ────────────────────────────────────────────────
INSERT INTO ticket_logs (id, ticket_id, user_id, action, note, logged_at) VALUES
  -- tk-0402-1 (done, team-1/bat)
  ('tl-0402-1a', 'tk-0402-1', 'user-dispatcher', 'Засварын хүсэлт үүсгэсэн', 'Иргэний утасны мэдэгдлээр засварын хүсэлт бүртгэлээ.',          '2026-04-02T07:45:00Z'),
  ('tl-0402-1b', 'tk-0402-1', 'user-dispatcher', 'Багт хуваарилсан',         '1-р засварын бригад руу хуваарилсан.',                           '2026-04-02T08:00:00Z'),
  ('tl-0402-1c', 'tk-0402-1', 'user-bat',        'Ажил эхэлсэн',             'Баг газар дээр очиж шалгаж эхэлсэн.',                            '2026-04-02T09:30:00Z'),
  ('tl-0402-1d', 'tk-0402-1', 'user-bat',        'Ажил дууссан',             'Насосны мотор солиж, систем шалгав. Хэвийн болгов.',              '2026-04-02T13:00:00Z'),
  -- tk-0403-1 (done, team-1/bat)
  ('tl-0403-1a', 'tk-0403-1', 'user-dispatcher', 'Засварын хүсэлт үүсгэсэн', 'Иргэний веб хүсэлтийг бүртгэлээ.',                               '2026-04-03T10:30:00Z'),
  ('tl-0403-1b', 'tk-0403-1', 'user-dispatcher', 'Багт хуваарилсан',         '1-р засварын бригад руу хуваарилсан.',                           '2026-04-03T11:00:00Z'),
  ('tl-0403-1c', 'tk-0403-1', 'user-bat',        'Ажил эхэлсэн',             'Баг газар дээр очиж гоожилтын цэгийг олов.',                     '2026-04-03T13:00:00Z'),
  ('tl-0403-1d', 'tk-0403-1', 'user-bat',        'Ажил дууссан',             'Хавирга сольж нягтлав. Ус алдрахгүй болсон.',                    '2026-04-03T15:30:00Z'),
  -- tk-0405-1 (done, urgent, team-1/bat)
  ('tl-0405-1a', 'tk-0405-1', 'user-dispatcher', 'Засварын хүсэлт үүсгэсэн', 'Яаралтай: Цахилгааны самбарын гэмтэл.',                          '2026-04-05T09:15:00Z'),
  ('tl-0405-1b', 'tk-0405-1', 'user-dispatcher', 'Яаралтай болгосон',        'Цахилгааны гэмтэл тул яаралтай ангилалд оруулав.',               '2026-04-05T09:20:00Z'),
  ('tl-0405-1c', 'tk-0405-1', 'user-dispatcher', 'Багт хуваарилсан',         '1-р засварын бригад руу яаралтай хуваарилсан.',                  '2026-04-05T09:30:00Z'),
  ('tl-0405-1d', 'tk-0405-1', 'user-bat',        'Ажил эхэлсэн',             'Баг ирж цахилгааны самбар шалгаж эхэлсэн.',                     '2026-04-05T10:30:00Z'),
  ('tl-0405-1e', 'tk-0405-1', 'user-bat',        'Ажил дууссан',             '25A таслуурыг 40A-ийн таслуураар сольж, утасдлагыг нягтлав.',   '2026-04-05T14:00:00Z'),
  -- tk-0408-1 (done, team-1/bat)
  ('tl-0408-1a', 'tk-0408-1', 'user-dispatcher', 'Засварын хүсэлт үүсгэсэн', 'Утасны мэдэгдлээр бүртгэлээ.',                                   '2026-04-08T08:15:00Z'),
  ('tl-0408-1b', 'tk-0408-1', 'user-dispatcher', 'Багт хуваарилсан',         '1-р засварын бригад руу хуваарилсан.',                           '2026-04-08T08:30:00Z'),
  ('tl-0408-1c', 'tk-0408-1', 'user-bat',        'Ажил эхэлсэн',             'Баг насосны помп задлаж шалгаж эхэлсэн.',                        '2026-04-08T10:00:00Z'),
  ('tl-0408-1d', 'tk-0408-1', 'user-bat',        'Ажил дууссан',             'Помпыг цэвэрлэж, угаав. Насос хэвийн ажиллаж байна.',            '2026-04-08T12:30:00Z'),
  -- tk-0410-1 (done, urgent, team-2/dorj)
  ('tl-0410-1a', 'tk-0410-1', 'user-dispatcher', 'Засварын хүсэлт үүсгэсэн', 'Иргэний веб хүсэлтийг бүртгэлээ.',                               '2026-04-10T11:45:00Z'),
  ('tl-0410-1b', 'tk-0410-1', 'user-dispatcher', 'Яаралтай болгосон',        'Тааз норж байгаа тул яаралтай ангилалд оруулав.',                '2026-04-10T11:50:00Z'),
  ('tl-0410-1c', 'tk-0410-1', 'user-dispatcher', 'Багт хуваарилсан',         '2-р засварын бригад руу яаралтай хуваарилсан.',                  '2026-04-10T12:00:00Z'),
  ('tl-0410-1d', 'tk-0410-1', 'user-dorj',       'Ажил эхэлсэн',             'Баг газар дээр очиж шугамын гоожилтын цэгийг тогтоов.',          '2026-04-10T13:30:00Z'),
  ('tl-0410-1e', 'tk-0410-1', 'user-dorj',       'Ажил дууссан',             'Шугамын холболтын хавирга сольж, нягтлав. Ус алдрахгүй болсон.', '2026-04-10T16:00:00Z'),
  -- tk-0411-1 (done, team-3/oyun)
  ('tl-0411-1a', 'tk-0411-1', 'user-dispatcher', 'Засварын хүсэлт үүсгэсэн', 'Утасны мэдэгдлээр бүртгэлээ.',                                   '2026-04-11T13:50:00Z'),
  ('tl-0411-1b', 'tk-0411-1', 'user-dispatcher', 'Багт хуваарилсан',         '3-р засварын бригад руу хуваарилсан.',                           '2026-04-11T14:00:00Z'),
  ('tl-0411-1c', 'tk-0411-1', 'user-oyun',       'Ажил эхэлсэн',             'Баг газар дээр очиж цоожны гэмтлийг шалгав.',                    '2026-04-11T15:30:00Z'),
  ('tl-0411-1d', 'tk-0411-1', 'user-oyun',       'Ажил дууссан',             'Цоож сольж, хаалганы тэнхлэгийг тохируулав.',                    '2026-04-11T17:00:00Z'),
  -- tk-0414-1 (done, team-1/bat)
  ('tl-0414-1a', 'tk-0414-1', 'user-dispatcher', 'Засварын хүсэлт үүсгэсэн', 'Утасны мэдэгдлээр бүртгэлээ.',                                   '2026-04-14T08:15:00Z'),
  ('tl-0414-1b', 'tk-0414-1', 'user-dispatcher', 'Багт хуваарилсан',         '1-р засварын бригад руу хуваарилсан.',                           '2026-04-14T08:30:00Z'),
  ('tl-0414-1c', 'tk-0414-1', 'user-bat',        'Ажил эхэлсэн',             'Баг насосны эрэгт гэмтлийг тогтоов.',                            '2026-04-14T09:30:00Z'),
  ('tl-0414-1d', 'tk-0414-1', 'user-bat',        'Ажил дууссан',             'Насосны эрэгийг засаж, тосолгоо хийв.',                          '2026-04-14T12:00:00Z'),
  -- tk-0415-1 (done, team-2/dorj, direct)
  ('tl-0415-1a', 'tk-0415-1', 'user-dispatcher', 'Засварын хүсэлт үүсгэсэн', 'Утасны мэдэгдлээр шууд засварын хүсэлт бүртгэлээ.',             '2026-04-15T08:30:00Z'),
  ('tl-0415-1b', 'tk-0415-1', 'user-dispatcher', 'Багт хуваарилсан',         '2-р засварын бригад руу хуваарилсан.',                           '2026-04-15T09:00:00Z'),
  ('tl-0415-1c', 'tk-0415-1', 'user-dorj',       'Ажил эхэлсэн',             'Баг насосны хяналтын схемийг шалгаж эхэлсэн.',                   '2026-04-15T10:30:00Z'),
  ('tl-0415-1d', 'tk-0415-1', 'user-dorj',       'Ажил дууссан',             'Хяналтын схемийн реле сольж, насос хэвийн болгов.',              '2026-04-15T14:00:00Z'),
  -- tk-0416-1 (done, urgent, team-2/dorj)
  ('tl-0416-1a', 'tk-0416-1', 'user-dispatcher', 'Засварын хүсэлт үүсгэсэн', 'Иргэний веб хүсэлтийг бүртгэлээ.',                               '2026-04-16T15:20:00Z'),
  ('tl-0416-1b', 'tk-0416-1', 'user-dispatcher', 'Яаралтай болгосон',        'Цахилгаан бүрэн тасарсан тул яаралтай ангилалд оруулав.',        '2026-04-16T15:25:00Z'),
  ('tl-0416-1c', 'tk-0416-1', 'user-dispatcher', 'Багт хуваарилсан',         '2-р засварын бригад руу яаралтай хуваарилсан.',                  '2026-04-16T15:30:00Z'),
  ('tl-0416-1d', 'tk-0416-1', 'user-dorj',       'Ажил эхэлсэн',             'Баг ирж гэмтлийн цэгийг тогтоов.',                               '2026-04-16T16:30:00Z'),
  ('tl-0416-1e', 'tk-0416-1', 'user-dorj',       'Ажил дууссан',             'Кабелийн гэмтэлтэй хэсгийг солиж, цахилгаан хэвийн болгов.',    '2026-04-17T10:00:00Z'),
  -- tk-0420-1 (done, team-1/bat)
  ('tl-0420-1a', 'tk-0420-1', 'user-dispatcher', 'Засварын хүсэлт үүсгэсэн', 'Утасны мэдэгдлээр бүртгэлээ.',                                   '2026-04-20T08:45:00Z'),
  ('tl-0420-1b', 'tk-0420-1', 'user-dispatcher', 'Багт хуваарилсан',         '1-р засварын бригад руу хуваарилсан.',                           '2026-04-20T09:00:00Z'),
  ('tl-0420-1c', 'tk-0420-1', 'user-bat',        'Ажил эхэлсэн',             'Баг дэлгэцний тэжээлийн хэсгийг шалгаж эхэлсэн.',               '2026-04-20T10:00:00Z'),
  ('tl-0420-1d', 'tk-0420-1', 'user-bat',        'Ажил дууссан',             'Тэжээлийн блок солиж, дэлгэц хэвийн ажиллаж байна.',            '2026-04-20T13:30:00Z'),
  -- tk-0422-1 (in_progress, urgent, team-2/dorj)
  ('tl-0422-1a', 'tk-0422-1', 'user-dispatcher', 'Засварын хүсэлт үүсгэсэн', 'Яаралтай: Олон айл усгүй болсон.',                               '2026-04-22T07:30:00Z'),
  ('tl-0422-1b', 'tk-0422-1', 'user-dispatcher', 'Яаралтай болгосон',        'Насосны бүрэн гэмтэл тул яаралтай ангилалд оруулав.',            '2026-04-22T07:35:00Z'),
  ('tl-0422-1c', 'tk-0422-1', 'user-dispatcher', 'Багт хуваарилсан',         '2-р засварын бригад руу яаралтай хуваарилсан.',                  '2026-04-22T07:45:00Z'),
  ('tl-0422-1d', 'tk-0422-1', 'user-dorj',       'Ажил эхэлсэн',             'Баг газар дээр очиж насосны гэмтлийг оношилж байна.',            '2026-04-22T09:00:00Z'),
  -- tk-0428-1 (assigned, team-3/oyun)
  ('tl-0428-1a', 'tk-0428-1', 'user-dispatcher', 'Засварын хүсэлт үүсгэсэн', 'Утасны мэдэгдлээр бүртгэлээ.',                                   '2026-04-28T10:15:00Z'),
  ('tl-0428-1b', 'tk-0428-1', 'user-dispatcher', 'Багт хуваарилсан',         '3-р засварын бригад руу хуваарилсан.',                           '2026-04-28T10:30:00Z'),
  -- tk-0508-1 (new)
  ('tl-0508-1a', 'tk-0508-1', 'user-dispatcher', 'Засварын хүсэлт үүсгэсэн', 'Утасны мэдэгдлээр шууд бүртгэлээ.',                             '2026-05-08T08:30:00Z')
ON CONFLICT (id) DO NOTHING;

-- ── ХҮСЭЛТИЙН АЖИЛТНУУД ──────────────────────────────────────────
INSERT INTO ticket_workers (id, ticket_id, user_id) VALUES
  ('tw-0402-bat',  'tk-0402-1', 'user-bat'),
  ('tw-0403-bat',  'tk-0403-1', 'user-bat'),
  ('tw-0405-bat',  'tk-0405-1', 'user-bat'),
  ('tw-0408-bat',  'tk-0408-1', 'user-bat'),
  ('tw-0410-dorj', 'tk-0410-1', 'user-dorj'),
  ('tw-0411-oyun', 'tk-0411-1', 'user-oyun'),
  ('tw-0414-bat',  'tk-0414-1', 'user-bat'),
  ('tw-0415-dorj', 'tk-0415-1', 'user-dorj'),
  ('tw-0416-dorj', 'tk-0416-1', 'user-dorj'),
  ('tw-0420-bat',  'tk-0420-1', 'user-bat'),
  ('tw-0422-dorj', 'tk-0422-1', 'user-dorj')
ON CONFLICT (id) DO NOTHING;

-- ── ЗАСВАРЫН АЖЛЫН ДҮГНЭЛТ — ХҮСЭЛТҮҮДИЙН ХУВЬД ────────────────
INSERT INTO maintenance_logs (id, ticket_id, task_id, team_id, description, materials_used, started_at, finished_at, created_at) VALUES
  ('ml-tk-0402', 'tk-0402-1', NULL, 'team-1', 'Насосны мотор шалгаж, статорын ороомог шатсан болохыг тогтоов. Шинэ мотор суурилуулж туршив.',        'Насосны мотор 1.5кВт (1ш), боолт, мастик',       '2026-04-02T09:30:00Z', '2026-04-02T13:00:00Z', '2026-04-02T13:00:00Z'),
  ('ml-tk-0403', 'tk-0403-1', NULL, 'team-1', 'Гадна хоолойн 2" хавирга гэмтсэн байсан. Шинэ хавирга суурилуулж, ус алдрахгүй болгов.',              'Хавирга 2" (2ш), герметик, боолт',              '2026-04-03T13:00:00Z', '2026-04-03T15:30:00Z', '2026-04-03T15:30:00Z'),
  ('ml-tk-0405', 'tk-0405-1', NULL, 'team-1', 'Автомат таслуурын хүчин чадал 25A байснаа 40A-ийн таслуураар сольж, утасдлагыг нягтлав.',             'Автомат таслуур 40A (1ш), изоляцийн тууз',      '2026-04-05T10:30:00Z', '2026-04-05T14:00:00Z', '2026-04-05T14:00:00Z'),
  ('ml-tk-0408', 'tk-0408-1', NULL, 'team-1', 'Насосны помп дотор элс, хог орсон байсан. Задлаж цэвэрлэж, угааж суурилуулав.',                       'Шүүлтүүрийн хаяц (1ш), угаалгын бодис',         '2026-04-08T10:00:00Z', '2026-04-08T12:30:00Z', '2026-04-08T12:30:00Z'),
  ('ml-tk-0410', 'tk-0410-1', NULL, 'team-2', 'Дотор шугамын T-холболтын хавирга сулрасан байсан. Шинэ хавирга суурилуулж нягтлав.',                 'Хавирга 1.5" (3ш), тейп, герметик',             '2026-04-10T13:30:00Z', '2026-04-10T16:00:00Z', '2026-04-10T16:00:00Z'),
  ('ml-tk-0411', 'tk-0411-1', NULL, 'team-3', 'Гадна хаалганы цоожийг шинэ цоожоор солиж, хаалганы тэнхлэгийг тохируулав.',                         'Цоож (1ш), бэхэлгээний боолт (4ш)',              '2026-04-11T15:30:00Z', '2026-04-11T17:00:00Z', '2026-04-11T17:00:00Z'),
  ('ml-tk-0414', 'tk-0414-1', NULL, 'team-1', 'Насосны эрэгт элэгдэл гарсан байсан. Эрэгийг засаж, тосолгоо хийж, хэвийн болгов.',                  'Мастикдах тос (0.5л), боолт',                    '2026-04-14T09:30:00Z', '2026-04-14T12:00:00Z', '2026-04-14T12:00:00Z'),
  ('ml-tk-0415', 'tk-0415-1', NULL, 'team-2', 'Насосны хяналтын схемийн реле гэмтсэн байсан. Реле сольж, хяналтын схемийг дахин тохируулав.',        'Реле 220V/10A (1ш), холболтын кабель (1м)',      '2026-04-15T10:30:00Z', '2026-04-15T14:00:00Z', '2026-04-15T14:00:00Z'),
  ('ml-tk-0416', 'tk-0416-1', NULL, 'team-2', 'Цахилгааны кабелийн 3м хэсэг гэмтсэн байсан. Шинэ кабелиар сольж, холболтыг нягтлав.',               'Кабель 2.5мм (5м), холболтын хайрцаг (1ш)',      '2026-04-16T16:30:00Z', '2026-04-17T10:00:00Z', '2026-04-17T10:00:00Z'),
  ('ml-tk-0420', 'tk-0420-1', NULL, 'team-1', 'Дэлгэцний тэжээлийн блок (220V→12V) гэмтсэн байсан. Шинэ тэжээлийн блок суурилуулав.',               'Тэжээлийн блок 12V/2A (1ш)',                      '2026-04-20T10:00:00Z', '2026-04-20T13:30:00Z', '2026-04-20T13:30:00Z')
ON CONFLICT (id) DO NOTHING;

-- ── АЖЛЫН ДААЛГАВАР — УРЬДЧИЛАН СЭРГИЙЛЭХ ҮЗЛЭГ ─────────────────
INSERT INTO tasks (id, station_id, team_id, department_id, created_by, description, status, task_date, started_at, finished_at, work_report, created_at) VALUES
  -- Дууссан ажлууд (4-р сар)
  ('ta-0404-1', 'station-4-12', 'team-1', 'dept-water',   'user-chief', 'Насосны ойлогч болон шүүлтүүрийн урьдчилан сэргийлэх үзлэг, шаардлагатай бол цэвэрлэгээ.',           'done',        '2026-04-04', '2026-04-04T08:30:00Z', '2026-04-04T11:00:00Z', 'Шүүлтүүрийг цэвэрлэж, ойлогчийг тохируулав. Хэвийн байна.',    '2026-04-03T16:00:00Z'),
  ('ta-0407-1', 'station-8-7',  'team-2', 'dept-water',   'user-eng1',  'Цахилгааны самбарын болт, кабелийн нягтрал болон газардуулгын шалгалт.',                               'done',        '2026-04-07', '2026-04-07T09:00:00Z', '2026-04-07T11:30:00Z', 'Самбарын бүх болтыг нягтлаж, кабелийн бүрхэвч шалгав. Хэвийн.', '2026-04-04T10:00:00Z'),
  ('ta-0409-1', 'station-2-14', 'team-3', 'dept-housing', 'user-chief', 'Хашааны хаалга, цоожны урьдчилан сэргийлэх үзлэг, тосолгоо.',                                        'done',        '2026-04-09', '2026-04-09T10:00:00Z', '2026-04-09T11:30:00Z', 'Цоожийг тосолж, хаалганы тэнхлэгийг чангалав. Хэвийн байна.',  '2026-04-07T14:00:00Z'),
  ('ta-0416-1', 'station-11-6', 'team-1', 'dept-water',   'user-chief', 'Насосны ажиллагааны параметр хэмжилт: даралт, урсгал, хүчдэл.',                                      'done',        '2026-04-16', '2026-04-16T09:00:00Z', '2026-04-16T12:00:00Z', 'Даралт: 2.8 bar, урсгал: 4.2 м³/цаг, хүчдэл: 218V. Хэвийн.',  '2026-04-14T09:00:00Z'),
  ('ta-0421-1', 'station-6-3',  'team-2', 'dept-water',   'user-eng1',  'Шугамын даралт хэмжилт болон холболтын нягтрал шалгах.',                                             'done',        '2026-04-21', '2026-04-21T08:30:00Z', '2026-04-21T10:30:00Z', 'Даралт: 3.1 bar. Нэг холболтын хавирга сулрасан байсан, нягтлав.','2026-04-18T11:00:00Z'),
  -- Явцдаа байгаа ажлууд
  ('ta-0507-1', 'station-1-8',  'team-1', 'dept-water',   'user-chief', 'Насосны техникийн дэлгэрэнгүй үзлэг, тосолгоо, элэгдлийн шалгалт.',                                  'in_progress', '2026-05-07', '2026-05-07T09:00:00Z', NULL,                   NULL,                                                            '2026-05-05T10:00:00Z'),
  ('ta-0508-1', 'station-9-15', 'team-2', 'dept-water',   'user-eng1',  'Цахилгааны утасдлага болон газардуулгын дэлгэрэнгүй шалгалт.',                                       'in_progress', '2026-05-08', '2026-05-08T10:00:00Z', NULL,                   NULL,                                                            '2026-05-06T09:00:00Z'),
  -- Хуваарилагдсан ирэх ажлууд
  ('ta-0512-1', 'station-5-20', 'team-3', 'dept-housing', 'user-chief', 'Хаалга, цоожны урьдчилан сэргийлэх үзлэг болон тосолгоо.',                                           'assigned',    '2026-05-12', NULL,                   NULL,                   NULL,                                                            '2026-05-08T09:00:00Z'),
  ('ta-0513-1', 'station-13-4', 'team-1', 'dept-water',   'user-chief', 'Насосны шүүлтүүр цэвэрлэгээ, тосолгоо болон ойлогчийн шалгалт.',                                     'assigned',    '2026-05-13', NULL,                   NULL,                   NULL,                                                            '2026-05-08T09:30:00Z'),
  ('ta-0514-1', 'station-7-11', 'team-2', 'dept-water',   'user-eng1',  'Усны давхар шугамын холболт болон даралтын шалгалт.',                                                'assigned',    '2026-05-14', NULL,                   NULL,                   NULL,                                                            '2026-05-08T10:00:00Z'),
  ('ta-0515-1', 'station-15-6', 'team-3', 'dept-housing', 'user-chief', 'Гадна хашааны бүхий л хаалга цоожны жилийн ээлжит үзлэг.',                                          'assigned',    '2026-05-15', NULL,                   NULL,                   NULL,                                                            '2026-05-08T10:30:00Z')
ON CONFLICT (id) DO NOTHING;

-- ── ЗАСВАРЫН АЖЛЫН ДҮГНЭЛТ — ДААЛГАВРУУДЫН ХУВЬД ───────────────
INSERT INTO maintenance_logs (id, ticket_id, task_id, team_id, description, materials_used, started_at, finished_at, created_at) VALUES
  ('ml-ta-0404', NULL, 'ta-0404-1', 'team-1', 'Насосны шүүлтүүрийг задлаж цэвэрлэв. Ойлогчийн параметр хэвийн байсан.',          'Угаалгын бодис, шүүлтүүрийн хаяц (1ш)',    '2026-04-04T08:30:00Z', '2026-04-04T11:00:00Z', '2026-04-04T11:00:00Z'),
  ('ml-ta-0407', NULL, 'ta-0407-1', 'team-2', 'Самбарын бүх болтыг нягталж, кабелийн изоляцийг шалгав. Газардуулга хэвийн.',     'Изоляцийн тууз, болт (6ш)',                '2026-04-07T09:00:00Z', '2026-04-07T11:30:00Z', '2026-04-07T11:30:00Z'),
  ('ml-ta-0409', NULL, 'ta-0409-1', 'team-3', 'Хаалганы цоожийг тосолж, тэнхлэгийг чангалав. Гэмтэлгүй байна.',                 'Машины тос (0.2л), боолт (4ш)',            '2026-04-09T10:00:00Z', '2026-04-09T11:30:00Z', '2026-04-09T11:30:00Z'),
  ('ml-ta-0416', NULL, 'ta-0416-1', 'team-1', 'Насосны даралт, урсгал, хүчдэлийг хэмжиж бүртгэв. Бүх үзүүлэлт хэвийн.',        'Материал ашиглаагүй',                      '2026-04-16T09:00:00Z', '2026-04-16T12:00:00Z', '2026-04-16T12:00:00Z'),
  ('ml-ta-0421', NULL, 'ta-0421-1', 'team-2', 'Шугамын даралт хэмжиж, сулрасан хавирга нягтлав. Даралт хэвийн болсон.',         'Хавирга (1ш), герметик',                   '2026-04-21T08:30:00Z', '2026-04-21T10:30:00Z', '2026-04-21T10:30:00Z')
ON CONFLICT (id) DO NOTHING;

COMMIT;
